Pregnancies,Glucose,BloodPressure,SkinThickness,Insulin,BMI,DiabetesPedigreeFunction,Age,Predicted,Probability,Risk
4,174.0,76,7,247.0,40.9,2.251,26,1,0.7642107,High
9,134.0,47,29,183.0,35.1,0.531,63,1,0.5352443,Moderate
6,147.0,95,41,121.0,44.5,1.131,61,1,0.62061334,Moderate
3,158.0,63,19,76.0,32.0,1.832,25,1,0.68371487,High
3,123.0,66,13,199.0,27.0,0.355,71,1,0.5354444,Moderate
7,76.0,112,47,85.0,21.1,1.914,25,1,0.58806205,Moderate
7,139.0,103,41,186.0,33.2,0.599,39,1,0.55281997,Moderate
9,91.0,92,49,230.0,24.1,2.167,37,1,0.56139493,Moderate
7,193.0,61,53,63.0,18.8,1.9,57,1,0.6537776,Moderate
8,106.0,57,59,35.0,26.3,0.185,40,0,0.43821874,Moderate
9,168.0,54,56,77.0,19.5,0.074,63,1,0.50642896,Moderate
10,119.0,112,36,117.0,43.9,0.465,68,1,0.5324136,Moderate
10,167.0,59,45,215.0,32.8,1.271,53,1,0.564782,Moderate
8,146.0,65,49,161.0,20.4,1.27,35,1,0.55113626,Moderate
7,98.0,98,24,149.5,27.3,1.211,51,0,0.49556294,Moderate
6,85.0,60,12,116.0,24.8,0.61,26,1,0.52892077,Moderate
4,180.0,104,22,45.0,21.3,0.084,70,1,0.5249774,Moderate
0,110.0,80,56,42.0,31.0,1.723,33,1,0.72163945,High
7,139.0,93,61,95.0,27.6,1.073,28,1,0.56300634,Moderate
0,136.0,49,19,183.0,23.4,2.021,36,1,0.65124893,Moderate
11,82.0,88,48,230.0,42.2,0.933,45,0,0.475718,Moderate
7,98.0,99,47,265.0,40.9,0.079,77,0,0.47163713,Moderate
10,167.0,88,35,269.0,28.9,0.397,35,1,0.5747608,Moderate
6,194.0,95,61,1.0,32.7,0.152,44,1,0.515047,Moderate
3,171.0,84,54,208.0,30.2,0.677,57,1,0.59141934,Moderate
5,96.0,48,44,48.0,36.5,0.656,18,1,0.65154743,Moderate
8,175.0,74,16,149.5,24.1,1.429,26,1,0.585441,Moderate
8,110.0,57,30,161.0,26.9,0.401,31,0,0.46715868,Moderate
7,134.0,74,28,255.0,37.7,0.533,42,1,0.5716683,Moderate
5,142.0,53,11,64.0,23.2,1.678,30,1,0.5817765,Moderate
0,166.0,99,34,266.0,36.6,0.667,67,1,0.66838384,High
11,172.0,83,19,27.0,32.2,0.482,52,1,0.54252267,Moderate
0,94.0,66,48,156.0,23.7,1.877,21,1,0.67701507,High
2,102.0,89,18,8.0,35.4,0.273,78,1,0.55429804,Moderate
8,79.0,52,13,247.0,31.8,0.359,50,0,0.4625465,Moderate
9,94.0,114,63,100.0,31.0,1.586,44,1,0.5791662,Moderate
6,108.0,97,40,254.0,33.4,1.073,35,1,0.5815805,Moderate
4,105.0,86,28,7.0,38.5,0.939,29,1,0.6606859,High
9,132.0,74,28,241.0,28.7,1.546,19,1,0.5527607,Moderate
7,176.0,71,37,143.0,43.4,0.093,55,1,0.6164866,Moderate
