Pregnancies,Glucose,BloodPressure,SkinThickness,Insulin,BMI,DiabetesPedigreeFunction,Age,Predicted,Probability,Risk
4,174.0,76,7,247.0,40.9,2.251,26,1,0.62471724,Moderate
9,134.0,47,29,183.0,35.1,0.531,63,1,0.58160347,Moderate
6,147.0,95,41,121.0,44.5,1.131,61,1,0.62143964,Moderate
3,158.0,63,19,76.0,32.0,1.832,25,1,0.5298977,Moderate
3,123.0,66,13,199.0,27.0,0.355,71,1,0.6314842,Moderate
7,76.0,112,47,85.0,21.1,1.914,25,1,0.5144998,Moderate
7,139.0,103,41,186.0,33.2,0.599,39,1,0.59618604,Moderate
9,91.0,92,49,230.0,24.1,2.167,37,1,0.60100174,Moderate
7,193.0,61,53,63.0,18.8,1.9,57,1,0.62517,Moderate
8,106.0,57,59,35.0,26.3,0.185,40,1,0.5875944,Moderate
9,168.0,54,56,77.0,19.5,0.074,63,1,0.5461335,Moderate
10,119.0,112,36,117.0,43.9,0.465,68,1,0.7086582,High
10,167.0,59,45,215.0,32.8,1.271,53,1,0.5720763,Moderate
8,146.0,65,49,161.0,20.4,1.27,35,1,0.5211849,Moderate
7,98.0,98,24,149.5,27.3,1.211,51,1,0.5841153,Moderate
6,85.0,60,12,116.0,24.8,0.61,26,1,0.5331582,Moderate
4,180.0,104,22,45.0,21.3,0.084,70,1,0.54198754,Moderate
0,110.0,80,56,42.0,31.0,1.723,33,0,0.4937966,Moderate
7,139.0,93,61,95.0,27.6,1.073,28,1,0.52211,Moderate
0,136.0,49,19,183.0,23.4,2.021,36,1,0.6235963,Moderate
11,82.0,88,48,230.0,42.2,0.933,45,1,0.58383346,Moderate
7,98.0,99,47,265.0,40.9,0.079,77,1,0.64864075,Moderate
10,167.0,88,35,269.0,28.9,0.397,35,1,0.5909725,Moderate
6,194.0,95,61,1.0,32.7,0.152,44,1,0.61365026,Moderate
3,171.0,84,54,208.0,30.2,0.677,57,1,0.6032444,Moderate
5,96.0,48,44,48.0,36.5,0.656,18,1,0.597032,Moderate
8,175.0,74,16,149.5,24.1,1.429,26,1,0.5606313,Moderate
8,110.0,57,30,161.0,26.9,0.401,31,1,0.53096145,Moderate
7,134.0,74,28,255.0,37.7,0.533,42,1,0.5769185,Moderate
5,142.0,53,11,64.0,23.2,1.678,30,1,0.5876982,Moderate
0,166.0,99,34,266.0,36.6,0.667,67,1,0.63844275,Moderate
11,172.0,83,19,27.0,32.2,0.482,52,1,0.56423634,Moderate
0,94.0,66,48,156.0,23.7,1.877,21,0,0.46064648,Moderate
2,102.0,89,18,8.0,35.4,0.273,78,1,0.5515063,Moderate
8,79.0,52,13,247.0,31.8,0.359,50,1,0.59053206,Moderate
9,94.0,114,63,100.0,31.0,1.586,44,1,0.57949054,Moderate
6,108.0,97,40,254.0,33.4,1.073,35,1,0.5676917,Moderate
4,105.0,86,28,7.0,38.5,0.939,29,1,0.6058669,Moderate
9,132.0,74,28,241.0,28.7,1.546,19,1,0.5433078,Moderate
7,176.0,71,37,143.0,43.4,0.093,55,1,0.6157675,Moderate
